<?xml version="1.0" encoding="UTF-8"?>
<project-private xmlns="http://www.netbeans.org/ns/project-private/1">
    <editor-bookmarks xmlns="http://www.netbeans.org/ns/editor-bookmarks/2" lastBookmarkId="0"/>
    <open-files xmlns="http://www.netbeans.org/ns/projectui-open-files/2">
        <group>
            <file>file:/D:/DG/Jona/OneDrive/Egg/java/g10_colecciones_guia_3/src/entidad/Alumno.java</file>
            <file>file:/D:/DG/Jona/OneDrive/Egg/java/g10_colecciones_guia_3/src/servicios/AlumnoServicio.java</file>
            <file>file:/D:/DG/Jona/OneDrive/Egg/java/g10_colecciones_guia_3/src/g10_colecciones_guia_3/G10_colecciones_guia_3.java</file>
        </group>
    </open-files>
</project-private>
