<?xml version="1.0" encoding="UTF-8"?>
<project-private xmlns="http://www.netbeans.org/ns/project-private/1">
    <editor-bookmarks xmlns="http://www.netbeans.org/ns/editor-bookmarks/2" lastBookmarkId="0"/>
    <open-files xmlns="http://www.netbeans.org/ns/projectui-open-files/2">
        <group>
            <file>file:/C:/Users/jonak/OneDrive/Egg/java/g10_teoria_01/src/entidades/Mascota.java</file>
            <file>file:/C:/Users/jonak/OneDrive/Egg/java/g10_teoria_01/src/g10_teoria_01/G10_teoria_01.java</file>
            <file>file:/C:/Users/jonak/OneDrive/Egg/java/g10_teoria_01/src/servicios/MascotaServicio.java</file>
        </group>
    </open-files>
</project-private>
